ref,boot
-1,-1
371,-1
671,439
89,66
-1,-1
603,313
1726,1189
600,591
806,-1
1572,1110
829,631
384,289
1758,1275
547,434
1807,1309
1718,1228
713,433
300,205
326,214
1209,789
574,571
797,669
745,581
1809,1313
-1,1129
1576,1147
577,523
989,586
1364,935
606,-1
646,614
716,342
1539,1126
786,-1
274,178
1113,777
1677,1155
1450,1062
1237,-1
1799,1315
1302,751
1228,802
827,-1
1701,1244
1306,-1
772,645
441,-1
432,350
1051,882
-1,-1
495,393
1437,1069
282,142
570,402
1810,1314
381,285
-1,-1
-1,-1
1553,1068
1657,1164
507,301
1439,1049
769,-1
716,342
985,672
-1,-1
1808,1311
-1,-1
1794,1298
1037,677
37,-1
1586,1143
1146,735
566,-1
1544,-1
329,174
57,69
1537,1138
-1,-1
403,309
-1,281
58,55
538,691
1676,1089
-1,79
1356,1009
-1,540
140,100
376,280
-1,-1
146,167
1616,1170
-1,812
1491,492
1094,788
-1,548
584,450
-1,-1
320,227
-1,954
1508,1035
272,233
643,608
21,32
1115,756
-1,525
259,185
470,311
-1,1017
1368,982
-1,-1
1584,1218
-1,1088
1579,1111
509,466
388,274
1063,785
1019,797
814,547
362,245
947,819
368,251
1170,892
244,173
1491,492
-1,-1
-1,937
756,328
-1,-1
1319,963
248,107
1187,860
55,53
-1,-1
978,700
-1,-1
358,246
862,446
-1,-1
1724,1264
105,27
-1,-1
1455,1042
885,667
818,565
1482,1041
1414,1077
1512,1070
-1,-1
374,267
-1,-1
55,53
-1,-1
1094,788
-1,-1
1281,895
1499,1101
995,462
638,503
-1,-1
404,310
973,678
-1,-1
1218,957
1699,1257
1302,751
1376,1025
1537,1138
997,880
-1,1076
708,476
1056,686
62,33
280,140
1194,896
757,308
-1,-1
1658,1129
-1,-1
1308,-1
1110,771
1009,784
119,70
-1,-1
219,201
479,431
185,54
1016,826
1107,737
60,29
907,539
509,466
1511,1070
-1,1076
-1,-1
223,-1
-1,-1
227,232
1495,1096
389,270
1048,904
1241,985
545,357
1066,872
692,522
602,451
-1,-1
1732,1283
-1,-1
899,844
350,165
1072,593
112,151
1803,1321
117,42
1236,925
1495,1096
1781,1254
532,452
1670,1246
474,322
-1,-1
-1,863
1580,1111
-1,373
906,649
1120,905
-1,-1
-1,-1
1597,1226
326,214
-1,-1
346,237
238,179
1137,615
1109,770
1255,933
971,829
0,-1
1185,953
1007,786
665,514
195,-1
1606,1067
1805,1312
1512,1070
1287,848
1510,1054
1643,1209
-1,-1
-1,-1
25,39
-1,-1
1798,1307
362,245
1565,1153
214,141
-1,-1
-1,-1
26,12
1585,1207
929,636
1254,833
1306,-1
-1,789
-1,269
449,292
1789,1289
-1,539
-1,-1
519,348
-1,-1
191,56
935,587
1446,415
973,678
1751,1225
648,-1
1334,1003
862,446
1624,1107
704,-1
826,665
1540,1140
1481,1134
676,679
568,453
192,56
1770,1188
472,354
817,648
1443,1074
894,674
96,117
826,665
1740,1263
1172,727
1051,882
926,671
1461,416
411,305
105,-1
-1,271
961,553
873,663
1584,1218
1771,1305
13,-1
1414,1077
633,-1
1270,988
-1,433
1584,1218
1411,362
407,329
1567,1206
1498,1100
1445,-1
1534,1113
1791,1278
1178,938
204,86
-1,-1
1652,1231
712,487
709,533
1258,-1
-1,-1
-1,-1
1013,854
1667,1241
-1,-1
901,650
-1,-1
-1,-1
733,561
732,561
342,176
19,23
1352,1013
452,602
85,98
1298,998
1732,1282
1409,1032
31,49
688,690
893,585
201,136
1322,937
106,18
441,468
1434,-1
250,250
-1,-1
911,692
-1,-1
1568,1083
267,203
-1,-1
1590,1169
-1,-1
826,665
1752,1225
-1,627
1472,1064
1729,1208
1137,615
599,592
735,471
1353,935
138,110
903,-1
-1,-1
1457,1051
1035,774
742,577
999,-1
1800,1316
1246,768
-1,-1
1101,616
19,23
368,251
375,267
670,440
247,199
843,611
1760,1266
-1,-1
889,634
-1,-1
924,703
-1,1075
1681,1194
-1,-1
-1,131
85,98
1142,627
198,210
1768,1292
62,33
759,-1
1726,1190
149,127
98,-1
-1,-1
971,829
-1,338
1499,1101
1099,946
110,138
1008,783
958,-1
273,177
724,612
454,356
785,619
-1,291
1011,855
435,272
-1,862
856,594
515,377
329,174
-1,1185
-1,-1
943,-1
1609,1191
-1,1121
1420,361
992,454
410,345
894,674
1779,1286
509,466
668,598
1015,827
253,182
1643,1209
199,211
1254,833
-1,306
670,440
1096,967
-1,-1
1334,1004
55,53
543,494
39,58
709,533
1145,709
478,431
-1,-1
1207,902
1308,976
1475,1103
-1,-1
1414,1077
1083,800
413,287
991,776
144,126
60,29
895,674
1519,1180
-1,-1
1551,1060
1297,997
526,453
17,20
519,348
1403,1036
824,529
555,496
1014,828
-1,909
888,704
-1,166
1290,885
979,723
-1,-1
1614,1148
1458,1116
1768,1292
1461,416
485,381
163,88
1493,1040
899,844
1652,1231
394,275
-1,-1
69,116
1667,1242
234,79
-1,1071
-1,-1
1533,1159
1487,1161
726,759
1481,1134
256,-1
1060,646
-1,-1
1460,-1
1182,952
1557,1056
-1,-1
1428,1081
-1,1128
-1,-1
1410,1031
1179,842
656,507
1757,1274
-1,-1
809,689
1244,848
-1,-1
1701,1244
504,478
-1,-1
-1,-1
1608,1223
1184,-1
-1,-1
-1,-1
1499,1101
1127,857
886,728
823,-1
720,838
584,450
1325,945
383,-1
804,840
656,507
376,280
919,630
1109,770
204,86
1638,1236
1088,825
854,-1
1599,1151
639,474
917,698
327,234
855,546
960,-1
-1,315
587,293
1331,1010
583,-1
676,679
747,-1
1581,1099
1764,1287
496,374
1331,1010
349,165
-1,1082
722,688
89,66
1354,1020
1471,1086
-1,-1
38,-1
1283,886
1480,1094
-1,-1
-1,-1
858,741
-1,526
1351,983
-1,272
1283,886
591,613
700,684
690,605
1173,706
455,355
1697,1256
619,590
217,220
65,63
-1,-1
948,863
785,620
1496,1097
1569,-1
1555,1119
-1,-1
1604,1235
787,574
-1,-1
-1,-1
258,146
1494,1040
614,447
628,291
1286,943
-1,1043
1757,1274
1480,1094
485,381
284,230
1753,1284
553,401
-1,-1
1439,1049
-1,-1
-1,221
981,724
1218,957
903,746
96,117
1494,1040
647,614
556,303
1380,1052
1516,1122
1485,1064
-1,-1
529,335
818,565
1456,1042
600,591
-1,639
597,403
456,326
-1,-1
1015,827
150,128
735,471
1024,555
634,441
1648,1211
953,917
-1,1267
1359,314
1666,1144
1063,785
131,148
738,473
591,613
-1,-1
-1,-1
1303,750
1546,1128
-1,-1
1300,897
239,181
550,335
1677,1155
1743,1221
-1,-1
791,621
896,675
754,413
781,511
944,652
882,532
1612,1192
685,340
1498,1100
-1,-1
1652,1231
437,380
361,197
601,451
858,741
615,352
1620,1183
30,48
-1,-1
519,348
645,549
945,652
1255,933
1452,1098
-1,-1
-1,346
1023,662
-1,-1
545,357
1013,854
205,144
1069,870
711,582
612,460
562,405
277,189
758,312
66,38
938,912
205,144
-1,890
220,169
1719,1229
1170,892
304,196
-1,-1
498,324
510,382
1643,1209
-1,422
1347,974
192,56
906,649
531,-1
16,16
861,681
-1,386
637,395
465,331
34,47
587,293
-1,550
1085,699
110,138
1128,960
433,-1
713,433
865,658
-1,-1
1778,1303
156,93
420,366
132,161
987,583
-1,22
147,168
63,33
217,220
367,244
442,-1
586,293
-1,902
102,125
829,631
594,411
397,279
1047,903
1550,1059
-1,-1
-1,-1
1342,962
429,336
1036,676
754,413
1593,1160
1344,1012
887,729
783,-1
312,218
-1,1064
1348,974
788,660
1791,1291
844,-1
1189,887
-1,500
1620,1183
1507,1075
623,427
946,819
1487,1161
-1,352
615,352
1600,1152
62,33
1210,836
938,-1
457,325
-1,433
-1,-1
1025,555
370,-1
554,448
1170,891
-1,-1
9,10
1539,1126
577,523
-1,-1
938,912
-1,140
-1,56
1437,1069
-1,87
240,171
298,229
220,169
-1,715
1776,1239
-1,1043
1103,761
710,580
-1,1193
1342,962
-1,1219
1533,1159
963,831
-1,-1
847,568
671,439
221,170
1462,417
342,176
392,269
115,50
148,30
799,557
1611,1167
166,31
-1,-1
1452,1098
1302,751
-1,194
1669,1215
1293,877
535,426
939,913
1357,999
-1,-1
471,324
832,558
1324,924
1611,1167
-1,-1
984,672
1660,1110
-1,-1
1688,1163
1809,1313
126,44
-1,153
1085,699
250,249
246,199
931,637
1743,1221
1470,1092
1137,615
96,117
-1,-1
-1,-1
-1,996
-1,223
219,201
-1,-1
416,366
771,545
-1,-1
737,617
-1,-1
821,782
933,-1
97,118
1549,1156
128,122
1459,1104
525,484
1515,1073
1186,861
650,512
1035,774
1209,789
1123,-1
366,244
879,625
1690,-1
1013,873
-1,1076
51,73
314,205
352,266
1812,1301
1685,1219
404,310
615,352
-1,-1
394,275
936,454
826,665
1023,662
489,420
506,370
898,843
-1,-1
1145,709
1070,853
642,409
97,118
-1,-1
1138,906
623,427
-1,-1
447,323
-1,-1
1217,994
875,623
85,98
931,637
-1,-1
-1,-1
61,29
1586,1143
227,232
-1,308
-1,-1
1254,833
254,187
1049,-1
-1,-1
1265,748
1326,945
589,464
331,265
-1,-1
126,44
1270,988
932,640
1431,1027
-1,-1
1446,415
-1,-1
-1,-1
824,529
554,-1
1733,-1
671,439
857,595
-1,-1
279,156
-1,-1
78,45
872,695
177,183
976,692
1748,1296
924,703
-1,-1
1222,920
940,790
1653,1201
1734,1267
251,241
1567,1206
148,30
598,392
45,33
1614,1148
93,43
1298,998
1514,-1
1513,1135
-1,-1
-1,-1
624,427
1546,1128
-1,1027
1075,528
836,791
1484,1108
1295,1005
924,703
738,473
1479,1117
1256,993
1706,1082
460,-1
720,838
297,217
865,658
220,169
512,418
310,153
206,145
627,291
660,298
1601,1232
538,794
957,808
1535,1114
1196,866
1135,868
-1,1213
404,310
1164,647
447,323
1212,810
-1,-1
-1,-1
1620,1183
1113,777
1497,-1
1031,673
751,588
996,878
1531,1136
865,658
-1,-1
-1,287
-1,-1
1701,1244
1183,952
-1,-1
103,139
1368,982
885,668
1576,1147
1148,-1
-1,240
825,-1
1144,633
1005,743
1716,1259
348,248
-1,715
-1,-1
1558,1120
-1,-1
-1,1043
313,-1
579,444
896,675
824,529
-1,339
681,589
599,592
524,432
1279,749
279,156
-1,-1
354,228
726,759
1342,961
507,301
824,529
1721,1272
-1,-1
1669,1215
687,307
384,289
-1,1200
1412,1061
1739,1262
585,291
-1,153
1440,1048
682,559
1228,802
1481,1134
1055,520
762,612
661,327
890,-1
-1,-1
-1,205
323,206
1620,1183
424,337
185,54
711,582
437,380
337,242
222,-1
748,534
-1,748
-1,427
-1,1082
16,16
971,829
1129,959
-1,-1
1644,1210
-1,-1
622,509
271,157
-1,882
1791,1291
-1,-1
-1,-1
635,-1
527,453
-1,-1
140,100
337,242
961,553
1620,1183
271,157
519,369
193,120
575,495
-1,681
221,170
1295,1005
1326,945
-1,555
-1,716
1535,1114
637,395
1319,963
-1,-1
1700,-1
149,127
1555,1119
559,333
55,53
681,589
625,387
874,622
-1,-1
200,135
-1,-1
1391,1018
1069,870
967,540
596,404
3,4
1257,-1
1706,1082
-1,-1
-1,-1
1504,1087
246,199
1683,1230
1160,992
913,760
323,206
1494,1040
1806,1310
1616,1170
1630,1238
242,155
1509,1095
-1,-1
1675,1089
1168,572
1812,1301
-1,86
101,-1
1166,852
1449,1047
1029,766
-1,-1
-1,-1
932,640
1565,1153
620,590
-1,-1
-1,-1
1418,-1
193,120
-1,-1
359,254
123,111
775,541
502,-1
824,529
1224,501
284,230
-1,-1
525,485
677,424
1480,1094
-1,-1
1153,639
1045,793
1471,1086
68,115
796,702
1808,1309
-1,331
497,456
1599,1151
-1,29
1775,1270
1407,1080
1621,1234
1001,881
-1,530
1349,999
1265,748
-1,-1
1552,1068
-1,-1
-1,88
250,249
937,490
501,391
-1,1043
-1,-1
1673,1216
1043,755
1038,517
-1,-1
1407,1080
1190,958
1643,1209
646,614
-1,-1
1454,-1
818,565
326,214
406,317
608,550
429,336
38,-1
-1,-1
-1,-1
11,13
-1,1015
106,18
332,192
144,126
-1,-1
757,308
1393,1037
-1,-1
-1,-1
876,664
-1,-1
1389,1023
435,272
1224,501
1498,1100
-1,-1
-1,216
785,619
595,412
-1,801
111,150
520,457
835,489
1414,1077
725,758
1236,925
1365,1016
-1,1285
58,55
697,753
-1,935
307,223
-1,-1
-1,-1
583,642
1618,1243
826,665
1627,1196
178,184
472,354
1765,1288
97,118
-1,-1
1136,-1
929,712
496,374
1419,1079
1462,417
572,386
162,87
131,148
474,322
-1,1070
1078,530
-1,433
137,110
-1,29
-1,848
1157,952
-1,-1
848,569
1052,966
-1,-1
-1,-1
938,912
1754,1284
1188,859
521,436
1426,1065
1778,1303
1654,1201
404,310
297,217
-1,104
1179,842
360,197
78,45
1281,895
1487,1161
635,-1
186,54
1728,1043
-1,-1
1749,1173
379,282
1490,491
1178,938
1030,736
30,48
263,-1
710,580
1096,967
403,309
566,483
439,346
3,4
1301,908
1266,934
-1,-1
-1,699
709,533
1719,1229
-1,56
1306,-1
872,695
-1,-1
1010,-1
1270,988
675,680
209,-1
853,422
982,725
155,84
524,432
604,300
73,57
552,370
1352,1013
1154,639
907,539
1660,1110
748,534
1674,1217
1624,1107
138,110
587,293
1342,962
469,311
1569,1224
634,441
1372,1011
467,463
1794,1298
295,159
260,186
1174,707
1809,1313
-1,12
1792,1318
1222,920
-1,-1
152,82
1174,707
1017,470
324,-1
1080,864
1714,1105
-1,-1
1027,762
1132,968
1344,1012
1168,572
1375,981
1791,1291
1697,1256
-1,-1
1098,947
1395,1029
674,-1
595,412
-1,-1
957,808
802,442
1749,1173
60,29
1190,958
1167,851
-1,-1
867,618
47,62
971,829
570,402
1300,897
1147,735
74,57
1640,-1
1717,1260
-1,705
-1,-1
-1,308
1397,-1
1329,928
1250,714
156,93
42,14
-1,1186
1645,1176
-1,-1
183,-1
565,373
1647,1211
886,728
708,476
1219,-1
-1,801
967,540
620,590
1771,1305
96,117
1568,1083
1105,670
1225,-1
768,493
333,194
1784,1304
1674,1217
1567,1206
-1,-1
-1,-1
-1,-1
678,504
714,433
1720,1271
-1,1281
841,604
-1,-1
1411,362
1638,1236
1450,1062
84,96
716,342
-1,-1
1570,1084
835,489
-1,-1
1716,1259
-1,56
285,160
609,-1
480,385
1259,801
1247,732
1237,926
617,536
540,-1
591,613
94,43
406,317
-1,-1
411,305
1088,825
413,287
1369,990
665,514
-1,-1
346,237
1562,1253
1029,766
-1,-1
77,52
-1,-1
385,271
48,94
615,352
1157,952
1698,1258
1342,962
-1,-1
272,233
917,698
205,144
1201,767
1659,1129
1533,-1
867,618
1296,1002
1496,1097
-1,-1
880,666
-1,-1
239,181
423,338
1672,1248
1160,991
-1,454
301,158
-1,-1
1665,1145
464,498
224,90
787,574
-1,-1
929,712
92,77
1333,1007
1209,789
1450,1062
-1,60
873,663
-1,352
1661,1175
401,286
535,426
440,346
1673,1216
181,188
275,172
-1,-1
-1,521
8,8
1254,833
785,620
-1,811
519,369
1591,1121
1239,-1
-1,-1
456,326
287,239
935,587
1384,1008
65,63
271,157
1121,964
475,322
128,122
1532,1158
1090,516
1529,1057
826,665
1070,853
1672,1248
930,638
452,603
-1,-1
632,525
-1,-1
-1,-1
1484,1108
566,483
-1,-1
31,49
1140,824
1181,910
554,448
1153,639
-1,-1
138,110
11,13
1099,946
1662,1174
574,571
-1,315
705,-1
1433,1033
1750,1173
221,170
250,249
259,185
1641,-1
1577,1076
811,610
1702,1249
1542,1203
176,134
352,266
-1,-1
1259,801
735,471
171,131
1331,1010
508,302
1218,957
825,658
-1,-1
18,19
818,565
905,832
704,-1
758,312
1544,-1
-1,-1
319,133
1391,1018
1320,-1
271,157
750,-1
1755,1293
578,524
273,177
-1,-1
384,289
486,381
255,190
504,478
1365,1016
-1,85
-1,-1
784,573
706,576
110,138
-1,375
1688,1163
-1,-1
334,207
775,541
476,321
1144,633
1490,491
321,205
582,456
-1,-1
1412,1061
525,484
1446,415
868,693
-1,-1
570,402
957,808
1253,811
1053,914
839,812
1578,1076
-1,29
-1,-1
560,410
8,8
481,384
596,404
-1,104
188,71
1184,-1
816,422
-1,-1
-1,-1
927,635
331,265
359,254
1538,1139
-1,-1
-1,-1
1751,1225
112,151
897,675
1781,1254
-1,848
25,39
1600,1152
-1,-1
1717,1260
283,213
1241,986
-1,-1
361,197
266,202
547,434
479,431
-1,-1
811,610
341,-1
1766,1239
773,644
1072,593
1310,971
-1,-1
558,332
726,759
-1,-1
1699,1257
85,98
306,240
1583,1090
1316,909
-1,-1
1749,-1
582,456
65,63
268,162
1671,1246
732,561
432,350
1336,-1
-1,-1
929,-1
1495,1096
40,59
-1,-1
798,557
-1,-1
1228,802
182,75
741,577
255,190
1416,-1
1799,1315
682,559
880,666
1236,925
1562,1253
1370,989
510,382
1026,762
-1,194
1689,1082
-1,398
303,195
257,146
8,8
815,-1
-1,874
761,609
703,538
662,-1
459,351
185,54
1307,923
-1,-1
1591,1121
1266,934
1419,1079
874,622
-1,-1
559,333
1411,362
1390,-1
1595,1137
833,-1
707,-1
1715,1105
1491,492
752,588
-1,888
-1,-1
348,247
327,234
672,438
348,248
412,318
1065,806
-1,-1
253,182
381,285
15,12
1450,1062
952,916
325,163
-1,-1
932,640
303,195
1510,1054
295,159
1328,949
-1,-1
1613,1147
48,94
1144,633
1135,868
568,453
41,35
956,809
-1,1200
1328,949
753,454
212,112
-1,-1
447,323
1623,1106
1606,1067
775,541
726,759
1167,851
916,697
1015,827
460,-1
210,204
1352,1013
241,154
570,402
55,53
1784,1304
1372,-1
511,-1
153,83
1275,848
190,124
1437,1069
122,60
-1,-1
-1,422
1301,908
-1,-1
898,843
910,423
1483,1041
721,839
452,603
-1,-1
-1,-1
-1,-1
1055,520
1483,1041
440,346
382,283
322,205
328,-1
514,-1
936,454
1657,1164
392,269
548,454
706,576
115,50
-1,-1
8,8
-1,-1
1338,944
638,503
-1,43
402,-1
738,473
1445,1102
-1,-1
1814,1300
1152,-1
578,524
321,205
186,54
-1,-1
1704,1186
546,437
-1,1129
392,269
238,179
1000,889
-1,-1
1772,1306
1427,1066
553,401
893,585
830,-1
160,129
1811,1300
-1,347
1010,-1
928,713
-1,-1
690,605
838,815
439,346
150,128
-1,216
-1,-1
324,-1
242,155
250,249
1738,1261
1139,823
-1,848
-1,-1
55,53
274,178
-1,-1
-1,550
172,91
1565,-1
579,444
273,177
70,106
579,444
864,796
909,805
756,308
95,105
545,357
296,-1
307,223
1660,1110
-1,-1
766,847
256,-1
1474,1051
1029,766
721,839
-1,-1
235,79
493,-1
-1,-1
80,26
555,496
1528,-1
538,-1
1083,800
715,396
351,198
-1,-1
824,529
150,128
1573,-1
470,311
1773,1269
538,691
-1,-1
904,956
665,514
482,425
1446,415
1618,1243
1215,875
578,524
1420,361
1380,1052
-1,56
397,279
907,539
985,672
1588,1133
1140,824
871,575
835,489
759,840
1289,884
-1,-1
1596,1171
1531,1136
118,42
-1,153
600,591
-1,-1
-1,-1
72,80
80,26
1253,811
1603,1185
1576,1147
246,199
1299,898
693,822
907,539
937,490
1722,1273
152,82
73,57
1662,1174
1217,994
529,335
-1,-1
787,574
788,660
-1,-1
-1,-1
623,427
1058,554
1594,1137
175,166
7,-1
-1,-1
946,819
-1,1263
1004,719
379,282
408,364
-1,862
588,570
584,450
1657,1164
-1,1308
-1,-1
272,233
52,74
620,590
-1,-1
-1,-1
1623,1106
-1,-1
895,674
249,108
78,45
348,248
139,121
514,-1
-1,-1
1341,973
710,580
-1,-1
406,317
596,404
1106,734
340,262
1401,1028
858,741
-1,801
-1,-1
285,160
7,3
-1,-1
1259,801
399,330
190,124
90,67
-1,-1
1309,972
1724,1264
-1,1084
121,126
-1,366
1059,554
-1,-1
152,82
1097,-1
1367,1009
73,57
1725,1189
1587,1172
-1,-1
448,349
1660,1110
593,359
1214,876
291,164
1084,699
1586,1143
-1,-1
-1,165
53,-1
-1,1232
726,759
536,467
858,741
-1,-1
1175,708
849,651
567,482
1082,798
504,478
1503,-1
201,136
441,-1
79,46
-1,242
1651,1093
-1,-1
1515,1073
1014,828
360,197
89,66
1783,1295
634,441
849,651
-1,315
1382,-1
575,495
21,32
1552,1068
-1,-1
104,17
916,697
554,401
969,682
795,701
1536,1149
-1,152
-1,-1
334,207
-1,-1
1632,1213
720,838
538,794
1375,981
1245,769
726,759
1246,768
-1,-1
1338,944
1272,898
1303,750
500,406
-1,678
-1,-1
1646,1176
903,746
1739,1262
1579,1111
1632,1213
1165,744
1502,-1
684,454
-1,1047
1620,1183
57,69
694,-1
696,752
-1,-1
-1,-1
481,384
-1,-1
1645,1176
-1,25
950,821
861,681
1606,1067
762,612
1197,705
1215,875
18,19
472,354
1184,-1
-1,874
1117,879
1647,1211
275,172
776,542
97,118
1519,1180
110,138
922,764
312,219
1132,968
778,717
690,605
826,665
-1,-1
-1,-1
560,410
150,128
868,693
-1,90
1415,1078
457,325
319,133
1624,1107
1352,1013
292,-1
-1,-1
1802,1320
214,141
589,464
762,612
55,53
-1,-1
1464,315
-1,-1
1518,1179
641,508
1796,1290
924,703
1553,1068
-1,-1
160,129
139,121
430,334
306,240
72,80
340,262
1145,709
286,143
1211,835
2,1
700,684
847,568
1689,1082
1204,862
693,822
1275,848
1528,-1
1812,1301
-1,338
900,754
1786,1308
-1,-1
-1,-1
1272,898
1527,518
869,694
-1,160
533,370
1624,1107
1386,980
438,421
1113,777
597,403
95,105
552,370
-1,-1
66,38
247,199
926,671
720,838
1309,972
-1,-1
495,394
1440,1048
406,317
344,259
127,64
1748,1296
914,696
876,664
1604,1235
-1,877
464,498
1742,1222
-1,-1
-1,900
163,88
347,238
80,26
155,84
-1,-1
588,570
78,45
1629,1237
604,300
692,522
1015,827
766,847
1353,935
712,487
484,-1
1737,-1
-1,473
48,94
-1,149
325,163
272,233
552,370
1552,1068
-1,-1
-1,-1
1359,314
1170,892
92,77
69,116
131,148
-1,-1
1699,1257
1440,1048
1308,976
157,104
1512,1070
1123,914
508,302
929,712
1516,1122
1741,-1
96,117
1144,633
863,446
1621,1234
19,23
-1,85
1358,999
1252,811
-1,1043
138,110
718,-1
-1,997
441,-1
739,473
675,680
1506,1162
-1,-1
359,253
39,58
1253,811
1547,-1
978,700
-1,-1
488,420
408,364
148,30
520,-1
669,566
266,202
34,47
1193,744
-1,-1
1202,710
471,324
646,614
1510,1055
779,740
1486,1064
492,376
731,562
924,703
-1,-1
268,162
29,7
959,685
-1,-1
1467,-1
897,675
1280,895
-1,-1
672,438
219,201
1436,315
1305,1006
-1,-1
1723,-1
1534,1113
-1,97
1020,797
1099,946
1448,1058
650,512
965,718
357,225
1713,1265
293,209
1101,-1
1800,1316
13,9
494,368
-1,473
-1,-1
-1,848
-1,-1
-1,-1
152,82
22,12
700,684
1684,1280
1720,1271
-1,-1
989,586
1758,1275
-1,862
955,601
1431,1027
883,628
-1,-1
1678,1154
832,558
1117,879
435,272
603,313
1432,1034
411,305
708,476
1583,1090
819,564
574,571
1172,727
1215,875
254,187
194,120
1160,991
290,191
-1,-1
447,323
1157,952
1450,1062
179,25
129,123
1210,836
1244,848
-1,-1
1626,1146
428,430
1484,-1
-1,-1
916,697
1127,857
1527,518
272,233
1303,750
1131,979
891,739
162,87
525,485
188,71
-1,1063
107,102
1478,1142
1786,1308
207,25
513,419
215,-1
32,34
97,118
-1,817
-1,-1
395,273
631,552
263,130
416,366
900,754
1442,1072
1524,-1
767,883
1379,1053
-1,2
81,95
719,720
1240,907
1169,656
348,248
936,454
1585,1207
978,700
348,248
-1,-1
758,312
775,541
775,541
1090,516
529,335
1790,1299
1665,1145
505,428
204,86
687,307
516,377
1165,744
110,138
944,652
226,231
470,311
-1,-1
-1,152
-1,-1
442,-1
-1,1251
-1,-1
103,139
1494,1040
1064,807
-1,555
692,522
1420,361
1310,-1
1201,767
1570,1084
921,763
737,-1
1238,-1
751,588
1034,774
1129,959
1432,1034
1781,1254
1667,-1
472,354
970,856
1721,1272
483,-1
1072,593
1093,789
528,480
1470,1092
953,917
-1,433
1109,770
996,878
646,614
-1,-1
1687,1163
1287,848
-1,-1
909,805
728,753
246,199
1498,1100
-1,-1
433,-1
683,-1
869,694
1076,527
1090,516
1227,918
303,195
238,179
698,567
192,56
1036,676
1240,907
711,582
217,220
219,201
365,-1
1118,901
-1,-1
1068,871
128,122
405,319
1553,1068
-1,-1
690,605
826,665
1000,889
506,370
1469,1091
1272,898
1543,1204
883,628
1135,868
82,95
1023,662
218,200
446,363
888,704
421,399
1249,919
-1,-1
400,295
1399,-1
325,163
1393,1037
-1,-1
927,635
-1,-1
1110,771
1132,968
1126,747
623,427
388,274
777,-1
731,562
667,599
1646,1176
1487,1161
-1,388
856,594
1234,-1
200,135
1814,1300
-1,-1
1279,749
-1,79
699,567
97,118
725,758
969,682
-1,-1
437,380
89,66
-1,-1
1600,1152
611,-1
382,283
-1,1298
-1,-1
878,625
361,197
944,652
820,563
-1,1047
743,-1
1362,970
1189,887
956,809
62,33
761,-1
883,628
661,327
149,127
-1,-1
1376,1025
937,490
-1,-1
1016,826
-1,-1
1204,862
1362,970
1767,1292
679,506
1078,530
1351,983
1175,708
431,334
-1,-1
1497,1115
331,265
204,86
1459,1104
1562,-1
1705,1118
-1,1043
1624,1107
-1,-1
1802,1320
-1,814
-1,-1
1153,639
918,626
228,180
1036,677
174,166
-1,-1
1337,944
1027,762
181,188
457,325
1103,761
-1,-1
1778,1303
923,-1
921,763
507,302
24,37
826,665
858,741
702,596
968,683
188,71
-1,944
291,164
582,456
580,-1
1693,1280
-1,376
1424,1071
687,307
545,357
-1,-1
110,138
1744,-1
1770,1188
343,255
340,262
544,358
660,298
220,169
428,-1
343,255
1768,1292
293,-1
-1,-1
1792,1318
279,156
1206,901
628,291
312,218
1401,1028
1520,1124
70,106
-1,454
-1,92
594,411
366,244
258,146
1458,1116
342,176
342,176
650,512
198,210
-1,-1
1651,1093
1313,-1
-1,-1
-1,-1
1792,1318
470,311
720,838
210,204
1480,1094
1571,1084
1393,1037
940,790
-1,-1
599,-1
803,443
932,640
1209,789
1463,315
1564,1150
1339,969
925,-1
8,8
1448,-1
27,12
1385,980
1643,1209
-1,-1
1673,1216
-1,612
-1,-1
795,701
803,443
717,341
927,635
1797,1307
745,581
542,494
1410,1031
945,652
1728,1043
421,400
953,917
1769,1188
739,473
873,663
504,478
584,450
-1,-1
1232,951
783,-1
1549,1156
785,620
857,595
1154,639
450,465
-1,-1
-1,-1
1120,905
1667,1241
281,193
109,137
807,-1
687,307
1008,783
1599,1151
-1,-1
66,38
-1,540
-1,-1
1050,881
384,289
-1,-1
934,535
246,199
1181,931
20,24
-1,-1
160,129
-1,723
605,-1
1256,993
1075,528
1225,954
58,55
-1,-1
-1,-1
1335,1000
886,728
373,277
1427,1066
1362,970
-1,-1
-1,-1
-1,-1
480,385
-1,-1
1142,627
1197,705
1564,1150
1667,1242
1583,1090
-1,-1
462,-1
572,386
86,72
848,569
-1,228
1423,1071
860,716
1334,1003
-1,-1
737,617
1565,1153
731,562
1335,1000
177,183
983,632
839,812
-1,79
882,532
1485,1064
1747,1297
359,253
1807,1309
1330,927
1539,1126
1302,751
339,258
364,256
107,102
102,125
251,241
1226,918
1224,501
579,444
-1,-1
847,568
971,829
558,332
840,812
913,760
456,326
214,141
1698,-1
-1,194
569,453
1327,937
1388,1024
199,211
1121,964
594,411
1753,-1
652,502
641,508
-1,-1
1317,995
168,60
1787,1317
427,372
-1,-1
-1,-1
325,163
1070,853
709,533
1578,1076
1062,785
1467,-1
1073,469
-1,-1
454,356
767,883
791,621
792,578
-1,-1
-1,387
701,597
-1,-1
399,330
-1,-1
34,47
1308,-1
-1,-1
1778,1303
49,-1
687,307
1264,930
399,330
-1,-1
998,793
1599,1151
1523,1141
127,64
-1,-1
1384,1008
523,407
678,504
1476,1127
-1,454
1271,987
772,645
75,50
1644,1210
567,482
1650,1177
-1,607
1426,1065
-1,-1
1274,996
870,575
-1,-1
1286,943
1647,1211
-1,-1
1039,792
304,196
221,170
-1,-1
-1,-1
927,635
-1,-1
623,427
1098,947
1748,1296
-1,-1
124,109
1379,-1
75,50
-1,627
389,270
798,557
690,605
948,863
1750,1173
510,382
1,0
-1,-1
1720,1271
1117,879
646,614
-1,-1
626,387
236,-1
537,445
481,384
1456,1042
470,311
912,-1
1274,996
-1,114
368,251
994,461
587,293
1629,1237
607,550
114,99
-1,1040
1637,1233
1133,647
147,168
1464,315
491,376
390,296
878,-1
899,844
648,-1
798,557
1207,902
376,280
-1,256
176,134
717,341
-1,1013
-1,-1
1054,520
-1,335
734,678
1103,761
822,781
-1,7
675,680
-1,352
149,127
447,323
823,779
-1,-1
716,342
150,128
1797,1307
1164,647
389,270
1734,1267
-1,1099
593,359
669,566
1460,-1
13,9
211,130
100,76
598,392
1164,647
946,819
1137,615
162,87
379,282
785,619
1343,961
64,51
1651,1093
1500,1123
923,-1
419,365
1169,-1
570,402
289,222
1464,315
1736,1277
679,506
1542,1203
400,295
949,820
-1,-1
352,266
924,703
1540,1140
96,117
47,62
523,407
650,512
1263,942
-1,-1
789,661
1139,823
775,541
432,350
955,601
54,41
1762,1255
934,535
1765,1288
-1,-1
1411,362
1064,807
614,447
890,738
1160,992
1028,765
803,443
1787,1317
519,348
-1,-1
-1,-1
1210,836
870,575
873,663
14,5
323,206
1178,939
524,432
420,366
525,-1
1616,1170
1542,1203
320,227
774,543
184,78
345,225
-1,854
1434,1076
238,179
1803,1321
-1,-1
-1,-1
689,606
1220,895
459,351
667,599
1011,855
983,632
-1,29
943,-1
1294,877
784,573
653,502
252,182
-1,1110
521,436
719,720
312,218
-1,1289
1343,961
20,24
1160,991
181,188
43,65
599,592
-1,726
-1,980
-1,-1
1,0
1039,792
-1,-1
823,779
-1,-1
1652,1231
-1,-1
-1,954
1002,940
-1,21
1164,647
890,738
1521,1125
-1,-1
19,23
1660,1110
584,450
395,273
1124,914
1381,1019
-1,-1
1054,520
131,148
162,87
408,364
1580,1111
201,136
-1,-1
829,631
1261,849
1780,1286
689,606
1682,1195
1585,1207
421,400
-1,-1
430,334
583,642
1497,1115
1292,842
1262,941
-1,-1
1408,343
1125,834
-1,-1
1365,1016
409,344
654,505
-1,-1
-1,-1
525,484
1530,1135
782,-1
774,543
282,-1
657,-1
1708,1250
1130,-1
1199,730
-1,595
1469,1091
1091,516
1255,933
588,570
1063,785
937,-1
1342,962
-1,25
201,136
-1,902
1618,1243
966,540
376,280
-1,-1
327,234
-1,-1
1476,1127
-1,-1
72,80
126,44
785,620
-1,1129
-1,-1
1594,1137
-1,-1
267,203
1363,935
1169,656
-1,-1
547,434
-1,-1
-1,-1
1724,1264
1593,1160
58,55
1141,627
1247,732
1601,1232
589,464
-1,-1
385,271
399,330
773,644
1645,1176
205,144
348,248
1317,995
1737,-1
1487,1161
10,11
1788,1289
858,741
1562,1252
1644,1210
-1,-1
-1,146
-1,-1
1454,1085
1634,1184
1075,528
90,67
1036,676
1021,865
308,224
570,402
1074,470
1221,921
1160,992
662,-1
856,594
1428,1081
1570,1084
388,274
1261,849
840,812
1517,1178
-1,-1
692,522
-1,-1
407,329
1021,865
331,265
1489,1088
535,426
808,813
632,525
408,364
530,477
79,46
-1,-1
1726,1190
439,346
1025,555
105,27
1334,1003
-1,-1
-1,-1
1253,811
1693,1280
286,143
154,101
-1,-1
1728,1043
-1,89
1764,1287
1638,1236
952,916
688,690
1322,937
1105,670
1201,767
1339,969
80,26
-1,420
-1,-1
-1,-1
308,224
773,644
-1,-1
1051,882
1422,1039
318,132
61,29
902,787
1803,1321
206,145
-1,-1
84,96
310,153
838,815
-1,-1
120,-1
618,-1
798,557
217,220
-1,-1
288,222
640,475
1537,1138
-1,-1
-1,-1
785,620
754,413
355,260
1302,751
-1,-1
-1,-1
-1,-1
1352,1013
393,-1
-1,315
191,56
104,17
1160,991
1625,1131
1700,1268
1081,798
-1,-1
128,122
1105,670
532,452
104,17
228,180
914,696
967,540
1121,965
-1,-1
1632,1213
170,85
919,668
421,400
1222,920
348,248
1024,555
340,262
1742,1222
368,251
113,21
719,720
283,213
731,562
1191,-1
960,685
1046,818
205,144
1794,1298
-1,-1
333,194
1293,877
630,721
1339,969
340,-1
913,760
-1,-1
1767,1292
150,128
823,779
348,238
-1,331
-1,-1
302,226
70,-1
1649,1197
1473,1051
-1,-1
1588,1133
1765,1288
268,162
-1,-1
618,479
1238,-1
1008,783
731,562
-1,69
866,659
1709,1251
990,775
1634,1184
27,12
1728,1043
828,722
-1,373
1100,978
1597,1226
1561,1199
500,406
531,-1
1289,884
-1,-1
362,245
707,-1
709,533
228,180
-1,-1
-1,1026
1750,1173
89,66
388,274
1160,992
122,60
407,329
-1,-1
-1,-1
253,182
1653,1201
1078,530
-1,-1
822,781
1047,903
918,626
-1,-1
-1,-1
468,378
-1,-1
-1,-1
552,370
1614,1148
227,231
59,36
1738,1261
-1,-1
767,883
-1,228
1181,931
1549,1157
616,352
-1,-1
74,57
631,552
1524,1166
-1,-1
980,723
979,723
90,67
190,124
445,363
758,312
1620,1183
522,408
344,259
1633,-1
510,382
293,208
1610,-1
16,16
-1,-1
535,426
-1,-1
242,155
528,481
59,36
-1,-1
1442,1072
1129,959
-1,-1
641,508
-1,-1
438,421
1719,1229
1540,-1
463,497
714,433
1564,1150
152,82
123,111
939,913
729,499
1470,1092
800,486
924,703
384,289
503,371
-1,-1
1105,670
681,589
-1,-1
665,514
1103,761
-1,-1
212,112
421,399
1728,1043
304,196
150,128
1631,1212
72,80
567,482
1464,315
950,821
1157,952
756,328
-1,1308
1329,928
554,449
274,178
1768,1292
-1,-1
26,12
-1,50
965,718
44,29
596,404
1660,1110
55,53
-1,281
1746,1239
1282,894
-1,-1
1304,937
904,956
889,634
305,240
1420,361
1020,797
706,576
1724,1264
1617,1170
1223,500
521,436
-1,-1
519,348
293,208
1621,1234
931,637
-1,-1
114,99
543,494
1423,1071
610,367
362,245
282,142
1480,1094
-1,-1
118,42
1535,1114
972,804
768,493
1301,908
715,396
96,117
-1,453
356,261
-1,-1
901,650
742,577
382,283
131,148
-1,-1
617,536
340,262
1791,1291
4,2
1790,1299
-1,1050
703,538
1628,1181
1560,1198
373,277
-1,-1
-1,-1
478,431
1070,853
-1,-1
1658,1129
-1,-1
770,546
293,209
921,763
290,191
1706,1082
1273,895
109,137
659,373
-1,-1
33,-1
-1,-1
1549,1156
1699,1257
-1,511
468,378
-1,-1
1199,730
950,821
25,39
-1,-1
482,425
96,117
1350,984
919,630
1333,1007
-1,-1
246,199
-1,-1
1102,-1
-1,-1
-1,1041
1744,-1
321,205
83,96
74,57
1018,500
874,622
-1,-1
1099,946
382,283
-1,-1
600,591
744,531
200,135
941,790
1075,528
1674,1217
-1,610
287,239
1096,967
-1,-1
572,386
486,381
82,95
285,160
548,455
331,265
1228,802
1453,1085
-1,-1
-1,276
125,68
1282,894
1168,572
1181,910
495,393
-1,914
993,454
-1,435
-1,-1
678,504
668,598
1699,1257
1305,1006
517,304
379,282
1536,1149
154,101
219,201
-1,-1
1558,1120
1249,919
435,272
1802,1320
399,330
-1,352
589,464
602,451
1631,1212
-1,-1
1331,1010
95,105
120,-1
1635,1184
643,608
1431,1027
293,209
962,831
1096,967
1108,737
502,-1
165,31
1312,948
1603,1205
1104,761
-1,-1
449,292
515,377
-1,-1
1052,966
1626,1146
823,779
110,138
302,226
46,-1
856,594
644,607
-1,-1
-1,-1
8,8
1118,901
132,161
-1,-1
-1,-1
-1,-1
421,400
1303,750
990,775
1762,1255
1163,647
-1,-1
307,223
-1,352
1783,1295
1461,417
-1,1225
-1,276
1469,1091
1354,1020
761,609
586,-1
771,545
613,458
-1,500
1200,731
461,294
1481,1134
-1,-1
715,396
1116,879
942,-1
-1,-1
-1,1012
-1,-1
-1,-1
1316,909
507,301
1563,1150
279,156
552,370
1624,1107
482,425
-1,-1
-1,1016
1710,1193
465,331
1150,772
126,44
1154,639
155,84
496,374
-1,-1
129,123
41,35
959,685
637,395
1064,807
-1,-1
1433,1033
-1,-1
1240,907
1427,1066
1193,744
828,722
1075,528
1666,1144
570,402
1478,1142
-1,817
-1,-1
2,1
125,68
-1,-1
147,168
1392,1018
1177,932
1673,1216
1557,1056
1101,616
1637,1233
-1,-1
1725,1189
283,213
-1,-1
-1,-1
330,175
622,509
1731,1193
1002,940
1028,765
-1,-1
1643,1209
1453,1085
814,547
505,428
1771,-1
1028,765
167,60
1577,1076
1396,-1
701,597
1464,315
1018,500
706,576
1282,894
436,379
774,543
741,577
1155,911
677,424
1437,1069
-1,454
248,107
1768,1292
-1,1186
572,386
928,713
-1,-1
570,402
1459,1104
413,287
-1,-1
1748,1296
793,579
363,251
642,409
55,53
1285,922
1647,1211
452,602
816,422
1341,973
1446,415
1628,1181
1790,1299
1056,686
-1,-1
1560,1198
1393,1045
342,176
1614,1148
1606,1067
1089,-1
1377,1038
-1,-1
1060,646
-1,-1
1197,705
1088,825
-1,-1
1203,893
808,813
1350,984
-1,540
-1,-1
1516,1122
617,536
-1,-1
-1,473
139,121
1087,711
-1,-1
-1,-1
-1,-1
1134,869
425,390
-1,935
785,620
359,-1
892,584
1797,1307
833,-1
1149,773
512,418
778,717
518,369
1149,773
316,243
526,453
664,515
-1,-1
691,-1
-1,-1
1197,705
-1,-1
313,-1
1271,987
985,672
1421,414
1277,929
68,115
-1,-1
575,495
1081,798
892,584
1231,950
410,345
-1,-1
671,439
-1,820
190,124
373,277
92,77
-1,-1
1732,1283
-1,-1
-1,-1
66,38
121,126
670,440
190,124
1481,1134
1537,1138
832,558
617,536
439,346
1503,-1
273,-1
1560,1198
1092,862
928,713
702,596
769,-1
1351,983
105,27
188,71
1591,1121
96,117
-1,-1
977,657
-1,-1
-1,-1
112,151
150,128
972,804
119,70
107,102
-1,-1
1385,980
981,724
1612,1192
-1,-1
1173,706
188,71
-1,-1
1191,-1
400,295
645,549
1000,889
-1,-1
807,813
1814,1300
673,438
1284,886
285,160
219,201
214,141
105,27
1189,887
42,14
1149,773
1459,1104
1498,1100
268,162
1292,842
-1,146
150,128
1295,1005
1812,1301
51,73
1715,1105
1246,768
968,682
-1,1027
1642,1168
1305,1006
647,614
1410,1031
-1,-1
377,-1
501,391
-1,-1
1218,957
1270,988
-1,311
1366,1009
106,18
508,302
978,700
861,681
-1,891
788,660
802,442
-1,-1
-1,-1
862,446
241,154
1739,1262
829,631
-1,-1
-1,-1
709,533
636,395
1702,1249
1229,803
430,334
1476,1127
-1,331
1086,727
310,153
-1,-1
160,129
1296,1002
1236,925
1496,1097
-1,212
1260,801
-1,6
895,674
538,691
-1,-1
1415,1078
376,280
110,138
1214,876
1310,971
1107,736
1780,1286
-1,-1
424,337
1303,751
1596,1171
228,180
1209,789
1548,1157
1277,929
1386,980
470,311
188,71
713,433
751,588
1545,1128
632,525
1389,1023
316,243
893,585
-1,1186
445,363
1487,1161
219,201
304,196
939,912
495,393
1096,967
-1,25
235,79
1626,1146
1697,1256
577,523
-1,-1
356,261
1335,1000
710,580
567,482
-1,-1
-1,149
1478,1142
-1,-1
815,-1
874,622
20,24
1798,1307
14,5
711,582
1016,-1
607,550
359,253
789,661
-1,-1
1169,655
1398,1015
374,267
-1,-1
1581,1099
1730,1193
948,863
2,1
-1,-1
-1,-1
1551,1060
1290,885
-1,197
158,104
1599,1151
797,669
-1,530
184,78
358,246
1397,1030
207,25
1772,1306
1186,861
1114,778
860,-1
715,396
-1,-1
597,403
1487,1161
-1,-1
1189,887
1812,1301
138,110
55,53
154,101
339,258
1491,492
362,245
-1,-1
1445,1102
1631,1212
-1,1316
-1,-1
1262,941
39,58
163,-1
-1,-1
935,587
595,412
638,503
411,305
251,241
1430,1027
1085,699
-1,-1
1329,928
1202,710
1181,931
-1,165
954,-1
6,2
922,764
883,628
424,337
-1,43
-1,520
1206,901
727,753
1724,1264
679,506
1195,867
-1,-1
1338,944
930,638
749,-1
1323,924
1599,1151
1334,1003
956,809
548,455
1105,670
205,144
1096,967
244,173
1352,1013
1324,924
1317,995
1024,555
1689,1082
778,717
1128,960
1270,988
-1,-1
99,-1
1510,1054
359,254
427,372
1232,950
1698,1258
771,545
1764,1287
89,66
1412,1061
448,349
875,623
872,695
556,303
248,107
1485,1064
230,-1
46,-1
1040,792
538,794
321,205
254,187
1679,1186
-1,-1
-1,-1
453,-1
1481,1134
28,7
1644,1210
1511,1070
114,99
65,63
116,50
25,39
866,659
1732,1282
1233,837
-1,554
1618,1243
928,713
1714,1105
1804,1311
666,600
149,127
1630,-1
1657,1164
-1,-1
633,-1
1432,1034
396,-1
286,143
-1,-1
-1,-1
441,653
1229,803
4,2
-1,-1
1210,836
1458,1116
1100,978
-1,-1
907,539
348,248
47,62
339,258
524,432
328,235
208,25
523,407
1006,742
767,883
1479,1117
-1,-1
562,405
-1,1301
1570,1084
1097,-1
887,729
474,322
809,689
409,344
374,267
142,147
753,454
1088,825
765,846
109,137
-1,-1
1110,771
619,560
-1,-1
614,447
-1,1084
1681,1194
1618,1243
1442,1072
477,-1
57,69
334,207
764,757
331,265
-1,1046
378,268
1484,1109
147,168
1421,414
495,393
-1,-1
897,675
671,439
524,432
1789,1289
995,462
565,373
1319,963
1160,991
1015,827
-1,-1
1154,639
-1,1088
744,531
445,363
817,648
661,299
1058,554
1551,1060
192,56
894,674
-1,-1
339,258
680,-1
1414,1077
269,216
217,220
689,606
135,97
1370,989
-1,387
-1,-1
454,356
412,318
451,398
879,625
402,345
-1,-1
1074,470
558,332
-1,-1
221,170
882,532
-1,-1
1612,1192
510,382
538,-1
1432,1034
522,408
293,208
-1,761
145,126
797,669
132,161
32,34
250,250
810,610
200,135
1625,1131
102,125
228,180
1524,1165
763,612
-1,433
-1,-1
1709,1251
1620,1183
505,428
1149,773
1430,1027
156,93
-1,-1
926,671
-1,-1
228,180
1285,922
1290,885
1254,833
330,175
1043,755
-1,-1
231,113
608,550
1087,711
546,437
441,654
1524,1166
-1,-1
1232,951
80,26
-1,-1
1579,1111
1522,-1
517,304
1622,1218
1498,1100
69,116
1094,788
886,728
1308,975
145,126
1302,751
1719,1229
1250,714
770,546
1608,1223
148,30
-1,-1
339,258
678,504
-1,-1
1106,734
389,270
1361,970
525,484
1041,841
-1,1129
920,630
601,451
494,368
884,629
-1,-1
536,467
-1,-1
165,31
1088,825
801,486
955,601
1706,1082
144,126
55,53
1236,925
83,96
678,504
1278,749
968,683
348,248
1401,1028
-1,-1
-1,-1
-1,-1
861,681
179,25
149,127
1734,1267
557,-1
703,538
881,532
758,312
1176,733
1283,886
861,681
442,-1
530,477
977,657
90,67
1291,842
374,267
-1,104
905,832
29,7
1019,797
1047,903
340,262
151,-1
1157,952
1415,1078
1004,719
-1,-1
-1,1073
1458,1116
-1,270
36,40
884,629
1253,811
21,32
927,635
1122,965
-1,-1
1561,1199
1364,935
822,781
82,95
441,468
1277,929
1409,1032
-1,842
1399,1022
-1,-1
1639,1220
1399,1022
137,110
1529,1057
117,42
574,571
929,712
1676,1089
-1,833
-1,-1
1587,-1
1135,868
217,220
1246,768
-1,848
-1,-1
394,275
-1,675
1770,1188
958,-1
583,643
977,657
139,121
959,685
915,696
92,77
1624,1107
-1,-1
-1,-1
560,410
-1,-1
-1,874
564,373
820,563
1159,890
661,-1
-1,-1
257,146
1573,-1
918,626
892,584
-1,-1
596,404
1284,-1
278,156
1604,1235
-1,-1
1724,1264
1649,1197
1289,884
-1,-1
990,775
302,226
380,284
68,115
1088,825
951,915
1243,891
525,485
472,354
747,-1
-1,831
1513,1135
-1,1064
1074,470
470,311
-1,500
1356,1009
1649,1197
1070,853
-1,-1
1358,999
1606,1067
-1,-1
962,831
1367,1009
12,15
134,21
1226,918
1814,1300
1028,765
1561,1199
-1,-1
-1,-1
1513,1135
-1,-1
-1,194
353,228
771,545
476,321
917,698
833,-1
1696,-1
1451,-1
1178,938
395,273
1604,1235
1478,1142
583,642
-1,556
-1,-1
1480,1094
752,588
1159,890
-1,-1
-1,-1
339,258
1234,-1
-1,627
-1,-1
1479,1117
1151,850
-1,639
607,550
1294,877
518,369
1247,732
-1,-1
474,322
-1,842
1187,860
1602,1182
-1,-1
467,463
-1,-1
919,668
474,322
426,389
1776,1239
1182,952
645,549
1098,947
-1,64
111,150
1381,1019
1473,1051
-1,-1
-1,-1
967,540
-1,555
131,148
1130,-1
918,626
-1,-1
638,503
-1,-1
13,9
596,404
742,577
765,846
589,464
-1,551
1497,1115
729,499
1738,1261
509,466
1026,762
-1,-1
701,597
271,157
1605,1067
165,31
428,-1
-1,291
153,83
1161,747
505,428
-1,486
1464,315
1312,929
768,493
-1,-1
525,484
968,683
503,371
-1,-1
802,442
553,401
1706,1082
1537,1138
1711,1230
441,468
1308,955
768,493
1163,647
-1,-1
-1,-1
723,687
-1,-1
1086,727
500,406
182,75
-1,-1
1446,415
-1,-1
843,611
780,780
1462,417
1574,1046
359,254
1408,343
631,551
-1,-1
-1,-1
1509,1095
1364,935
1655,1247
1487,1161
592,359
959,685
1804,1312
-1,-1
-1,818
1309,972
-1,1027
1146,735
1189,887
1683,-1
-1,-1
1138,906
1764,1287
1201,767
496,374
218,200
776,542
190,124
397,279
736,472
-1,711
1455,1042
1317,995
539,495
852,422
1404,316
974,537
818,565
8,8
298,229
1004,719
493,-1
-1,6
326,214
359,253
1159,890
521,436
35,40
1112,715
-1,-1
1387,1018
153,83
693,-1
664,515
1375,981
1679,1186
949,820
1168,572
441,-1
1388,1024
1669,1215
1398,-1
255,190
259,185
504,478
929,636
-1,-1
364,256
771,545
173,79
1464,315
1026,762
689,606
1190,958
1785,1304
970,856
990,775
-1,-1
-1,-1
163,88
1119,905
1003,520
107,102
-1,-1
-1,-1
-1,-1
1004,719
1024,555
934,535
367,244
771,545
528,480
812,521
-1,1079
862,446
875,623
527,481
1278,749
1030,736
1401,1028
-1,339
854,-1
-1,-1
-1,-1
169,120
1043,755
536,467
646,614
701,597
1801,-1
1240,907
463,497
406,317
1209,789
942,-1
-1,-1
502,-1
1672,1248
621,510
1492,519
753,454
535,426
66,38
1403,1036
1200,731
285,160
496,374
675,680
757,308
226,231
963,831
521,436
1268,977
-1,-1
1743,1221
864,796
439,346
-1,-1
38,-1
-1,-1
1536,1149
-1,-1
592,360
1396,1045
-1,-1
78,45
1053,915
990,775
-1,-1
470,311
20,24
304,196
328,235
1008,783
249,108
-1,674
-1,-1
632,525
1330,927
158,104
1782,1294
389,270
447,323
1735,1276
-1,-1
-1,-1
1550,1059
1098,947
1335,1000
-1,1129
850,526
-1,-1
1549,1156
765,846
-1,-1
1728,1043
1565,1153
845,845
344,259
1253,811
12,15
971,829
563,405
104,17
339,258
1510,1055
-1,103
-1,-1
348,248
55,53
-1,-1
1696,-1
695,752
347,238
436,379
487,397
41,35
8,8
-1,-1
332,192
1354,1020
1425,1050
1352,1013
997,880
266,202
-1,-1
190,124
-1,-1
-1,-1
1427,1066
1694,1245
1487,1161
-1,-1
-1,-1
838,815
-1,-1
-1,-1
302,226
407,329
-1,-1
1218,957
1329,928
589,464
-1,-1
1682,1195
66,38
1248,732
463,497
664,515
919,668
1059,554
1707,1082
913,760
1396,1044
1584,1218
498,324
902,787
255,190
-1,1286
875,623
1205,862
1415,1078
688,690
-1,89
664,515
970,856
-1,388
631,552
1214,876
160,129
-1,678
979,723
0,-1
-1,-1
1682,1195
1088,825
1108,737
891,739
1380,1052
677,424
1180,862
668,598
1101,616
181,188
711,582
1781,1254
163,88
772,645
-1,-1
1477,1127
593,359
221,170
845,845
1635,1184
1595,1137
59,36
-1,-1
387,290
448,349
1372,1011
1450,1062
405,319
432,350
1370,989
1265,748
1689,1082
979,723
394,275
-1,-1
512,418
40,59
-1,936
-1,74
7,3
1498,1100
1643,1210
1733,1267
1421,414
431,334
1515,1073
483,-1
1060,646
1693,1280
1285,922
-1,1281
690,605
1519,1180
802,442
1070,853
67,115
274,178
-1,-1
1608,1223
1660,1110
-1,-1
694,-1
-1,1266
-1,-1
826,665
455,355
695,-1
318,132
727,753
1743,1221
-1,-1
535,426
441,653
712,487
1534,1113
-1,-1
-1,-1
-1,877
1600,1152
118,42
985,672
1700,-1
242,155
1562,1253
1016,826
-1,-1
-1,-1
776,542
-1,611
-1,-1
1129,959
1667,1242
544,358
1413,1021
268,162
427,372
1241,986
1583,1090
1243,891
-1,-1
1558,1120
610,367
1747,1296
8,8
1295,1005
1005,743
143,147
17,20
1575,1046
467,463
534,-1
1327,937
28,7
1229,-1
127,64
89,66
1047,903
54,41
-1,1070
1799,1315
1348,974
-1,-1
1471,1086
-1,520
985,672
177,183
875,623
427,372
-1,-1
1601,1232
1404,316
1059,554
1224,501
1334,1001
654,505
1782,1295
494,368
885,667
254,187
1052,966
450,465
281,193
-1,-1
538,-1
438,421
1256,-1
231,113
1075,528
836,791
899,844
593,359
1013,854
784,573
-1,-1
877,624
-1,-1
1241,986
189,215
612,460
1507,1075
-1,-1
64,51
190,124
292,-1
139,121
167,60
43,65
-1,-1
1677,1155
23,7
605,-1
1647,1211
1160,-1
443,383
1263,942
1611,1167
471,324
1636,1233
784,573
789,661
1155,911
1689,1082
92,77
1004,719
551,370
-1,-1
585,291
196,-1
1708,1250
97,118
676,679
328,235
573,387
636,395
346,237
887,729
426,-1
269,216
1144,633
630,721
470,311
1376,1018
200,135
545,357
-1,1103
-1,126
1418,-1
182,75
639,474
-1,-1
1011,855
1523,1141
-1,-1
1809,1313
-1,-1
297,217
-1,587
1666,1144
1078,530
1647,1211
690,605
1034,774
-1,786
1109,770
604,300
425,390
723,687
105,28
610,367
1258,-1
-1,-1
349,165
696,752
1196,866
138,110
290,191
1477,1127
1793,1319
1764,-1
-1,-1
845,845
1002,-1
525,485
-1,801
1437,1069
663,-1
959,685
228,180
428,429
481,384
158,104
1662,1174
1601,1232
92,77
589,464
1206,901
356,261
-1,-1
-1,-1
349,165
468,378
228,180
628,291
135,97
732,561
1525,-1
1190,958
128,122
-1,-1
481,384
552,370
1063,785
938,912
651,459
413,287
-1,-1
1731,1193
148,30
245,-1
190,124
955,601
1762,1255
701,597
619,560
1324,924
721,839
1241,986
-1,-1
123,111
34,47
-1,891
918,626
1079,-1
1391,1018
1655,1247
1280,895
680,-1
1358,999
1379,1053
-1,-1
773,644
342,-1
-1,79
330,175
459,351
-1,236
1474,1051
-1,157
484,-1
1610,-1
1778,1303
-1,-1
1501,1123
1153,639
-1,-1
1148,-1
1063,785
846,-1
62,33
1030,736
-1,-1
1381,1019
944,652
1377,1038
251,241
1622,1218
1803,1321
90,67
856,594
1403,1036
-1,-1
804,840
554,448
1781,1254
34,47
1630,1238
-1,140
14,5
753,454
1694,1245
520,-1
378,268
136,97
-1,848
1520,1124
891,739
1038,517
1549,1156
1400,1026
1698,1258
1203,893
-1,-1
-1,-1
134,21
-1,744
91,-1
1490,491
1524,1166
1759,1266
238,179
619,560
347,238
1599,1151
175,166
1313,-1
-1,-1
660,298
771,545
163,88
469,311
429,336
866,659
530,477
-1,-1
-1,-1
1483,1041
98,50
1562,1253
1006,742
1177,932
936,454
1370,990
415,288
1559,1112
-1,-1
1439,1049
1325,945
599,592
1712,1230
-1,-1
90,67
240,171
790,621
-1,60
1036,676
1609,1191
1274,996
710,580
1302,751
1360,-1
748,534
1388,1024
581,456
639,474
97,118
1171,726
671,439
1463,315
1708,1250
552,370
689,606
640,475
1076,527
461,294
-1,519
626,387
516,377
1103,761
1062,785
1270,988
768,493
517,304
607,550
1129,959
447,323
-1,-1
1159,890
30,48
1255,933
-1,-1
41,35
978,700
-1,-1
340,262
839,812
-1,-1
1739,1262
698,567
753,454
-1,1300
12,15
660,298
105,28
757,308
-1,1230
1006,742
483,-1
-1,-1
37,-1
567,482
-1,-1
177,184
-1,-1
1171,726
1758,1275
-1,902
52,74
259,185
1807,1309
-1,-1
161,119
376,280
1031,673
372,264
251,241
1446,415
1150,-1
-1,-1
1730,1193
705,-1
-1,-1
-1,291
570,402
599,592
1295,1005
-1,-1
731,562
298,-1
666,600
221,170
1603,1205
1042,879
1290,885
738,473
1420,361
-1,1266
-1,7
-1,-1
220,169
1408,343
-1,-1
1263,942
1567,1206
-1,-1
949,820
1624,1107
-1,-1
1641,-1
1298,998
1562,1253
1630,1238
1368,982
1453,1085
1652,1231
-1,711
1442,1072
1760,1266
397,279
643,608
866,659
-1,-1
1505,1087
594,411
286,143
1686,1219
1716,1259
614,447
273,177
1194,896
1375,981
445,363
1380,1052
1047,903
1526,518
-1,-1
295,159
487,397
686,306
-1,-1
474,322
-1,-1
1110,771
340,262
1642,1168
1458,1116
879,625
864,796
1308,976
251,241
1157,952
50,57
1508,1035
184,78
-1,-1
1068,871
1770,1188
357,225
49,-1
-1,-1
1677,1155
1483,1041
521,436
946,819
299,229
929,712
1333,1007
246,199
369,252
1650,1177
836,791
1305,1006
-1,-1
228,180
90,67
1728,1043
-1,-1
809,689
-1,-1
703,538
-1,-1
1348,974
-1,-1
1004,719
-1,-1
710,580
-1,-1
930,638
-1,-1
1527,518
-1,1230
1187,860
-1,-1
339,258
130,79
1759,1266
-1,12
926,671
737,617
-1,-1
1691,1240
1484,1108
1745,-1
760,814
-1,-1
1498,1100
-1,-1
-1,-1
543,494
701,597
162,-1
-1,-1
334,207
1499,1101
1553,1068
580,347
230,-1
-1,1076
18,19
455,355
754,413
787,574
1590,1169
131,148
-1,-1
-1,-1
1502,-1
746,581
-1,-1
1563,1150
1310,971
1742,1222
100,76
1549,1156
1373,-1
-1,240
-1,-1
1233,837
-1,-1
1393,1037
21,32
444,383
-1,454
1778,1303
1038,517
1778,1303
262,81
1071,593
244,173
-1,-1
459,351
1782,1294
1268,977
1008,783
-1,-1
1739,1262
1697,1256
624,427
1497,1115
-1,-1
383,-1
-1,-1
1115,756
1639,1220
750,641
1245,769
1736,1277
1494,1040
-1,-1
1690,-1
1038,517
1296,1002
-1,433
184,78
-1,-1
351,198
576,496
1119,905
802,442
-1,874
723,687
903,746
271,157
1400,1026
772,645
1144,633
689,606
-1,783
823,779
146,167
1479,-1
355,260
377,-1
1105,670
1160,992
64,51
939,913
670,440
29,7
877,624
1518,1179
216,220
1196,866
623,427
-1,-1
128,122
1060,646
1620,1183
1805,1312
353,228
1190,958
1165,744
-1,307
452,602
828,722
1395,1029
-1,1068
31,49
1162,747
1608,1223
204,86
1414,1077
276,-1
1396,1044
929,-1
-1,-1
133,21
42,14
1779,1285
-1,-1
106,18
-1,-1
513,419
128,122
163,88
696,752
1413,1021
1064,807
1151,850
1783,1295
915,696
743,-1
-1,-1
792,578
66,45
497,-1
368,251
410,345
632,525
249,108
1210,835
72,80
11,13
1524,1166
-1,-1
1157,952
1221,921
-1,-1
-1,-1
649,513
-1,-1
593,359
692,522
328,235
713,433
1497,1115
1512,1070
9,10
190,124
835,488
-1,-1
-1,81
1020,797
664,515
568,453
1405,316
91,-1
102,125
819,564
1597,1226
1626,1146
1397,1030
126,44
1,0
1233,837
-1,-1
-1,-1
1013,854
719,720
242,155
1319,963
-1,-1
544,358
-1,1099
355,260
1370,989
730,544
828,722
1590,1169
1470,1092
987,583
-1,-1
452,602
775,541
312,219
-1,-1
1160,992
1232,951
883,628
1295,1005
212,112
-1,-1
918,626
1507,1075
16,16
1333,1007
1153,639
276,189
1242,891
1325,945
65,63
-1,-1
1232,951
251,241
537,445
219,201
1069,870
-1,473
-1,-1
1598,1227
198,210
486,381
877,624
821,782
-1,-1
1165,744
-1,-1
1625,1131
686,307
1348,974
1652,1231
979,723
1014,828
379,282
1171,726
649,513
1759,1266
1287,848
-1,1089
472,354
997,880
1680,1186
1389,1023
1195,867
-1,877
-1,444
1742,1222
538,795
-1,-1
337,242
1660,1110
1088,825
1436,315
425,-1
1277,929
391,297
342,176
1517,1178
-1,-1
-1,583
864,796
-1,-1
736,472
661,299
676,679
1336,-1
691,-1
1669,1215
131,148
124,109
627,291
1566,-1
110,138
779,740
1224,501
-1,-1
476,321
1057,-1
1670,1246
624,427
1300,897
676,679
500,406
-1,1268
225,90
723,687
-1,-1
-1,811
824,529
-1,81
-1,-1
424,337
1117,879
-1,-1
203,149
1562,-1
461,294
-1,29
-1,260
1647,1211
1812,1301
172,91
-1,-1
813,521
1202,710
749,-1
221,170
1506,1162
1000,889
1543,1204
-1,-1
-1,-1
1328,949
937,490
-1,-1
-1,-1
1506,-1
54,41
-1,-1
-1,-1
1166,852
963,831
1755,1293
118,42
-1,-1
1029,766
1446,415
767,-1
-1,-1
99,76
983,632
242,155
761,-1
283,213
-1,977
1660,1110
755,327
284,230
888,704
1044,755
340,263
-1,103
199,211
-1,85
139,121
234,79
424,337
827,667
-1,575
-1,-1
-1,-1
1409,1032
164,149
547,434
964,-1
1551,1060
1439,1049
1654,1201
1707,1082
1167,851
-1,-1
370,-1
426,389
1249,919
1339,969
928,713
1419,1079
330,175
1540,1140
-1,-1
1294,877
1241,986
1022,662
1016,826
382,283
1040,792
-1,-1
1403,1036
1796,1290
-1,-1
996,878
-1,-1
893,585
1721,1272
-1,-1
952,916
612,460
1705,1118
-1,271
1253,811
14,5
1668,1214
-1,-1
571,386
-1,-1
1169,655
1655,1247
1638,1236
1568,1083
-1,-1
1640,-1
1067,872
-1,-1
395,273
-1,-1
1591,1121
165,31
-1,-1
1626,1146
1550,-1
1161,747
1227,918
551,370
167,60
225,90
184,78
451,398
991,776
308,224
659,373
1691,1240
176,134
168,60
87,72
398,-1
439,346
675,680
1278,749
1451,-1
1195,867
1378,980
-1,-1
-1,-1
412,318
-1,1193
1430,1027
1014,828
-1,86
299,229
619,560
154,101
-1,79
1698,1258
1009,784
1589,1130
52,73
152,82
450,-1
834,-1
1065,806
-1,-1
-1,-1
284,230
-1,204
1771,1305
96,117
522,408
386,271
1506,-1
643,608
968,683
1318,995
-1,-1
1487,1161
129,123
785,620
412,318
648,-1
340,263
-1,-1
628,291
871,575
108,-1
957,808
645,549
677,424
1016,826
651,459
-1,-1
-1,-1
-1,-1
805,816
-1,269
1246,768
192,56
808,813
-1,-1
1147,735
1685,1219
1235,-1
1602,1182
1538,1139
14,5
1357,999
965,718
-1,1043
427,372
-1,153
1069,870
-1,-1
1603,1185
208,25
-1,454
1650,1177
491,376
10,11
1720,1271
1357,999
726,759
835,489
775,541
-1,-1
1194,896
793,579
1106,734
89,66
779,740
-1,-1
-1,-1
972,804
171,-1
212,112
929,712
64,51
32,34
-1,-1
858,741
1174,707
821,782
756,328
157,104
677,424
1735,1276
239,181
340,263
1418,-1
-1,-1
562,405
-1,-1
508,302
1772,1306
852,422
1250,714
415,288
606,-1
140,100
128,122
185,54
711,582
1400,1026
425,390
543,494
-1,-1
456,326
1793,1319
1343,961
538,795
180,120
1102,-1
1559,1112
863,446
439,346
336,242
808,813
594,411
441,-1
1061,745
600,591
386,271
-1,-1
1554,-1
1534,1113
1395,1029
530,477
-1,-1
1562,-1
783,-1
1103,761
342,176
119,70
837,815
463,497
688,690
1691,1240
1726,1190
1212,810
1420,361
1134,869
-1,-1
1001,881
1371,1014
1241,986
986,583
926,671
975,799
830,-1
1114,778
-1,350
974,537
1201,767
1029,766
378,268
213,141
820,563
1413,1021
353,228
1216,899
-1,556
1814,1300
1221,921
76,51
1593,1160
-1,-1
338,257
1652,1231
1129,959
71,-1
1362,970
407,329
-1,824
1339,969
818,565
1718,1228
150,128
1200,731
-1,-1
86,72
1089,-1
-1,-1
201,136
163,88
746,581
139,-1
932,640
781,511
-1,40
1773,1269
1635,1184
1116,879
89,66
-1,-1
452,603
1127,857
-1,-1
522,408
907,539
664,-1
1125,834
961,553
1810,1314
65,63
285,160
203,149
1778,1303
344,259
388,274
937,490
-1,-1
1757,1274
1732,1282
984,672
787,574
851,526
1550,1059
1468,1047
447,323
1285,922
1393,1037
1449,1047
1534,1113
1186,861
889,634
1557,1056
1192,744
367,244
1691,1240
1747,1297
-1,-1
1271,987
-1,1027
128,122
-1,375
1702,1249
1659,1129
1348,974
-1,-1
678,504
1283,886
1170,892
-1,877
392,269
1518,1179
-1,-1
1281,895
737,-1
452,602
-1,1129
-1,33
445,363
875,623
1233,837
-1,1076
200,135
703,538
84,96
1401,1028
619,560
793,579
843,611
834,488
-1,820
640,475
1483,1041
1076,527
-1,1014
1159,890
1568,1083
805,816
941,790
995,462
1611,1167
1269,977
1541,-1
299,229
979,723
-1,895
-1,-1
618,479
1134,869
556,303
1675,1089
336,242
494,368
-1,1269
1681,1194
600,591
339,-1
218,200
795,701
20,24
-1,-1
-1,-1
154,101
-1,-1
1241,986
1739,1262
1766,1239
1791,1278
391,-1
226,231
65,63
871,575
1185,953
1673,1216
1445,1102
300,205
1378,980
974,537
340,263
264,-1
381,285
1002,940
744,531
1101,615
495,394
138,110
336,242
1176,733
784,573
1115,756
1532,1158
636,395
1408,343
667,599
1070,853
79,46
-1,-1
1188,859
903,-1
1718,1228
1073,469
1248,732
-1,-1
1088,825
-1,-1
-1,954
238,179
-1,-1
88,61
796,702
495,394
1021,865
-1,-1
1345,954
1309,972
1005,743
260,186
1088,825
303,195
-1,-1
1781,1254
232,114
109,137
446,-1
1620,1184
1455,1042
-1,-1
965,718
255,190
777,-1
882,532
808,813
1169,572
1407,1080
564,373
1678,1154
1252,811
1578,1076
82,95
-1,-1
792,578
-1,103
654,505
379,282
211,130
-1,-1
-1,-1
655,-1
-1,-1
-1,1193
504,478
67,115
883,628
1665,1145
846,-1
15,12
24,37
925,-1
1548,-1
1607,-1
1125,834
-1,-1
1674,1217
981,724
1736,1277
481,384
1484,1109
986,583
-1,-1
1094,788
-1,-1
1330,927
1401,1028
1166,852
574,571
-1,1113
124,109
418,-1
358,246
-1,-1
-1,-1
424,337
-1,639
1029,766
-1,-1
1094,788
-1,1300
1660,1110
1368,982
1076,527
-1,1186
1654,1201
929,712
1402,1036
378,268
189,215
1156,-1
-1,-1
792,578
1106,734
649,513
554,448
1043,755
1788,1289
1355,1009
281,-1
819,564
589,464
-1,-1
-1,1292
282,142
-1,1070
-1,-1
368,251
1720,1271
-1,72
1682,1195
359,253
-1,-1
356,261
373,277
1404,316
90,67
346,237
613,458
675,680
1003,520
368,251
-1,-1
390,296
677,424
1411,362
-1,375
-1,-1
1201,767
-1,-1
396,278
-1,-1
1103,761
1110,771
1344,1012
1732,1282
1340,969
1612,1192
210,204
834,488
1369,990
318,132
1422,1039
1066,872
1600,1152
1598,1227
709,533
1479,1117
-1,-1
1427,1066
-1,-1
1575,1046
1619,1202
-1,-1
-1,-1
1517,1178
272,233
941,790
796,702
566,483
-1,-1
108,-1
1611,1167
570,402
88,61
466,331
338,257
1435,-1
911,692
1533,1159
1176,733
990,775
1596,1171
203,149
-1,33
1030,736
1080,864
1406,-1
-1,90
899,844
-1,-1
378,268
-1,-1
537,445
392,269
58,55
1169,656
1422,1039
971,829
575,495
263,130
709,533
1131,979
-1,-1
1338,944
787,574
373,277
228,180
-1,-1
299,229
-1,-1
-1,905
238,179
884,629
1567,1206
596,404
1030,736
1287,848
1140,824
988,586
1222,920
1492,519
201,136
1713,1265
188,71
1729,1208
1383,1008
142,147
1533,1159
826,665
-1,1082
408,364
-1,612
1520,1124
-1,-1
-1,1074
-1,-1
-1,-1
1320,-1
-1,-1
993,454
392,269
-1,-1
110,138
1409,1032
630,721
1272,898
1705,1118
899,844
-1,-1
-1,-1
543,494
34,47
441,468
1272,898
1408,343
1600,1152
-1,-1
1000,889
1568,1083
-1,-1
1120,905
1150,772
1403,1036
1619,1202
567,-1
1488,1088
110,138
1322,937
1048,904
459,351
1525,-1
-1,977
8,8
-1,-1
780,780
-1,858
1228,802
1222,920
-1,-1
1388,1024
348,248
1293,877
329,174
1069,870
1588,1133
730,544
951,915
-1,-1
1725,1189
-1,-1
765,846
218,200
1261,849
417,320
-1,-1
-1,1006
1188,859
43,65
838,815
41,35
-1,786
793,579
1141,627
-1,-1
632,525
-1,29
-1,-1
1037,677
-1,-1
-1,-1
1224,501
-1,-1
1012,830
-1,-1
1065,806
900,754
1752,1225
1618,1243
111,150
-1,548
765,846
1037,677
1175,708
790,621
-1,1017
1301,908
1461,417
-1,-1
909,805
218,200
574,571
-1,-1
1400,1026
-1,1249
586,293
1711,1230
1282,894
637,395
1558,1120
172,91
1649,1197
765,846
487,397
87,72
1240,907
1692,1279
-1,-1
335,-1
597,403
515,377
-1,-1
1363,935
1119,905
279,156
1695,1245
1108,737
1515,1073
412,318
55,53
-1,-1
419,365
218,200
-1,-1
455,355
1429,1043
742,577
535,426
1013,854
1378,980
369,252
132,161
410,345
1505,1087
1763,-1
444,383
1628,1181
447,323
-1,-1
533,370
1442,1072
-1,-1
-1,-1
1008,783
685,340
1787,1317
373,277
294,159
1475,1103
284,230
1713,1265
1549,1157
77,-1
436,379
-1,346
452,602
1353,935
1031,673
-1,-1
1782,1294
1663,1132
1747,1297
1703,1186
-1,1186
1711,1230
1353,935
457,325
-1,1224
597,403
9,10
1025,555
378,268
-1,-1
103,139
541,-1
596,404
116,50
922,764
1082,798
-1,-1
666,600
58,55
1321,923
1216,899
583,643
143,147
1110,771
1399,1022
1602,1182
-1,1068
793,579
715,396
1479,1117
1061,745
1668,1214
1677,1155
-1,954
1627,1196
-1,-1
74,57
791,621
847,568
-1,954
510,382
-1,-1
-1,744
1334,1003
-1,-1
-1,-1
1080,864
1254,833
101,-1
-1,-1
1124,914
906,649
1608,1223
1209,789
797,669
-1,-1
1729,1208
1814,1300
1478,1142
473,353
699,567
-1,83
403,309
917,698
1013,854
1046,818
1557,1056
1216,899
699,567
271,157
1654,1201
-1,293
-1,-1
1721,1272
727,753
1768,1292
1291,842
-1,-1
71,22
1202,710
1374,981
1572,1110
-1,-1
48,94
-1,-1
1233,837
535,426
1054,520
1405,316
1316,909
1635,1184
810,610
-1,-1
270,216
202,149
767,883
1277,929
1620,1183
1441,1070
320,227
387,290
841,604
1064,807
494,368
634,441
500,-1
-1,-1
-1,1289
929,712
390,296
475,322
1246,768
1177,932
603,313
1100,978
445,363
1075,528
1227,918
1381,1019
935,587
875,623
538,-1
-1,-1
664,515
1484,-1
128,122
-1,-1
1279,749
-1,457
1188,859
837,815
784,573
728,753
592,360
-1,381
-1,-1
1732,1282
817,648
471,324
133,21
245,92
1311,996
558,332
1440,1048
911,692
1314,-1
890,739
1217,994
1146,735
868,693
-1,21
874,622
1411,362
-1,990
1721,1272
1758,1275
1181,910
1670,1246
56,-1
646,614
-1,-1
314,205
-1,-1
1098,947
1626,1146
-1,590
1263,942
252,182
1642,1168
1074,470
876,664
102,125
-1,-1
1660,1110
1588,1133
1752,1225
51,73
1497,1115
-1,1046
499,324
1570,1084
229,-1
1755,1293
-1,762
1692,1279
994,-1
473,353
159,60
575,495
190,124
1264,930
47,62
1668,1214
765,846
765,846
742,577
-1,567
1108,737
371,-1
622,509
-1,-1
-1,1263
259,185
-1,-1
428,430
1048,904
51,73
-1,-1
1450,1062
-1,-1
-1,-1
561,437
336,242
147,168
1198,705
381,285
470,311
-1,-1
382,283
-1,-1
1140,824
416,366
1501,1123
1556,1056
1015,827
362,245
181,188
-1,25
305,240
701,597
1447,1040
1075,528
1384,1008
156,93
1291,842
466,331
1443,-1
1215,875
898,843
1017,470
1609,1191
1232,951
596,404
1032,-1
287,239
428,429
495,393
1368,982
-1,-1
644,607
417,320
1655,1247
1756,-1
1286,943
548,455
750,641
172,91
1599,1151
1700,-1
1684,-1
68,115
1637,1233
674,-1
348,248
219,201
1439,1049
-1,-1
419,365
1440,1048
-1,-1
1625,1131
1229,803
760,814
651,459
217,220
1132,-1
1562,1252
-1,-1
342,176
1692,1279
553,401
1372,1011
951,915
93,43
1516,1122
-1,-1
592,360
-1,-1
552,370
1739,1262
-1,-1
1245,769
-1,126
-1,-1
1414,1077
125,68
-1,-1
291,164
441,-1
1341,973
218,200
793,579
1066,872
82,95
135,97
1490,491
1671,1246
-1,52
1584,1218
177,183
-1,-1
1351,983
664,515
494,368
729,499
-1,-1
1641,1168
-1,-1
1350,984
525,485
386,271
-1,-1
-1,426
549,335
1465,1084
1523,1141
1745,1200
1790,1299
-1,-1
1501,1123
1196,866
883,628
-1,-1
930,638
1659,1129
969,682
559,333
226,231
275,-1
1558,1120
823,779
391,297
1245,769
972,804
841,604
1713,1265
-1,-1
736,472
826,665
271,157
731,562
722,688
411,305
1196,866
836,791
1176,733
-1,91
-1,-1
-1,-1
495,393
1364,935
530,-1
-1,454
1262,-1
554,449
850,526
357,-1
404,310
204,86
435,272
138,110
1529,1057
1716,1259
1178,939
24,37
1423,1071
1041,841
1174,707
1712,1230
785,620
1546,1128
1052,966
-1,97
397,278
513,419
-1,-1
614,447
553,401
-1,1076
899,844
1012,830
250,250
1288,848
530,477
339,258
894,674
361,197
392,269
-1,79
1095,966
1739,1262
190,124
855,546
258,146
1698,1258
509,466
742,577
1667,1241
-1,-1
684,454
1704,1186
24,37
1605,1067
578,524
926,671
-1,858
701,597
625,387
812,521
362,245
332,192
409,344
657,-1
1006,742
-1,33
1589,1130
1791,-1
293,209
-1,-1
363,-1
1254,833
416,366
1639,1220
434,272
-1,520
935,587
956,809
-1,-1
832,558
1532,1158
437,380
228,180
83,96
-1,-1
-1,-1
-1,-1
-1,-1
1298,998
826,665
1425,1050
1749,-1
-1,-1
763,612
1347,969
250,250
-1,-1
295,159
1526,518
363,251
1699,1257
-1,1041
950,821
-1,433
731,562
-1,555
-1,1225
436,379
1521,1125
-1,-1
934,535
225,90
472,354
1550,1059
231,113
504,478
-1,-1
491,376
-1,1137
1317,995
352,266
1446,415
1430,1027
127,64
1326,945
-1,-1
182,-1
355,260
1543,1204
985,672
1484,1108
333,194
544,358
637,395
-1,-1
532,452
-1,-1
1185,953
1325,945
330,175
-1,936
51,73
538,-1
337,242
1488,1088
1571,1084
-1,60
491,376
751,588
1506,-1
1178,939
1798,1307
12,15
-1,-1
1267,934
351,198
338,257
1748,1296
829,631
1565,1153
685,340
1459,1104
317,-1
998,793
1428,1081
188,71
1777,1302
575,495
778,717
1461,416
934,535
826,665
1050,881
509,466
1546,1128
742,577
146,167
-1,-1
-1,-1
1757,1274
1000,889
1171,726
414,-1
-1,-1
357,225
-1,-1
1241,985
859,716
670,440
459,351
1237,926
800,486
1483,1041
409,344
1795,-1
996,878
-1,322
1428,1081
950,821
1707,1082
1214,876
24,37
-1,-1
288,221
847,568
650,512
384,289
76,51
344,259
182,75
665,514
-1,-1
-1,678
157,104
-1,1041
655,-1
1263,942
221,170
-1,-1
-1,-1
1288,848
717,341
372,264
1717,1260
1790,-1
1600,1152
1249,919
1523,1141
1635,1184
845,845
956,809
380,284
368,251
583,642
-1,-1
161,119
694,-1
892,584
513,419
1480,1094
438,421
1754,1284
-1,-1
-1,387
218,200
1766,1239
1497,1115
1271,987
-1,373
1417,1065
1056,686
1021,865
40,59
1716,1259
1290,885
1250,714
669,566
918,626
848,569
715,396
31,49
243,173
1606,1067
971,829
1319,963
-1,-1
-1,29
1774,1270
1352,1013
945,652
-1,-1
1424,1071
1287,848
450,-1
5,2
1589,1130
399,330
1143,848
-1,-1
1397,1030
813,521
682,559
765,846
427,372
308,224
690,605
645,549
-1,-1
-1,-1
988,586
1777,1302
1660,1110
1109,770
664,515
-1,-1
-1,-1
914,696
-1,900
-1,-1
1332,-1
1563,1150
1768,1292
-1,-1
788,660
405,319
251,241
996,878
445,363
452,-1
-1,-1
-1,555
347,238
265,-1
1323,924
477,-1
1479,1117
1670,1246
1397,1030
-1,-1
227,232
670,440
369,252
96,117
1666,1144
309,153
356,261
1235,-1
348,247
1098,947
1777,-1
-1,-1
1414,1077
107,102
1354,1020
-1,1129
525,484
5,2
-1,-1
1007,786
-1,-1
1686,1219
-1,-1
461,294
1394,-1
136,97
1209,789
260,186
-1,-1
-1,-1
348,248
1212,810
116,50
642,409
397,279
288,222
1026,762
1014,828
441,653
1559,1112
1385,980
770,546
1281,895
1782,1294
683,435
-1,-1
839,812
399,330
-1,-1
1796,1290
652,502
211,130
508,302
1518,1179
791,621
-1,-1
669,566
27,12
1295,1005
785,619
572,386
1376,1025
97,118
1722,1273
787,574
-1,-1
1601,1232
500,406
1147,735
223,-1
764,757
-1,-1
189,215
760,814
1086,727
1468,1047
386,271
210,204
856,594
-1,-1
1097,-1
675,680
200,135
1587,1172
279,156
554,448
1726,1189
1084,699
1629,1237
1606,1067
785,620
401,286
908,539
434,272
206,145
1662,1174
-1,-1
-1,339
262,81
1545,1128
753,454
-1,1270
1623,1106
1315,-1
-1,-1
-1,-1
411,305
1117,879
340,262
924,703
237,-1
832,558
614,447
661,299
1071,-1
232,114
95,105
-1,-1
273,177
1743,1221
1213,810
-1,1130
1599,1151
858,741
603,313
1139,823
582,456
1802,-1
1231,950
354,228
1196,866
8,8
598,392
132,161
1155,911
1196,866
401,286
1549,1156
939,913
1233,837
-1,158
1480,1094
1806,1310
1121,-1
722,688
-1,-1
-1,-1
348,248
581,456
558,332
735,471
1661,1175
-1,747
1006,742
41,-1
481,384
387,290
966,540
1667,1241
1390,-1
-1,-1
-1,-1
-1,1062
1509,1095
-1,225
602,451
1112,-1
242,155
444,383
-1,1105
1439,1049
-1,-1
1334,-1
1056,686
428,430
1611,1167
307,223
1536,1149
232,114
1208,789
702,596
503,371
651,459
202,149
1763,1187
1538,1139
1452,1098
204,86
910,423
-1,-1
1664,1132
-1,-1
1812,1301
-1,-1
1635,1184
-1,461
-1,-1
1555,1119
-1,-1
1784,1304
-1,-1
912,-1
957,808
372,264
1151,850
473,353
1652,1231
1805,1312
-1,120
697,753
808,813
513,419
-1,-1
1181,910
1763,1187
149,127
982,725
665,514
1077,530
268,162
176,134
189,215
1338,944
1211,-1
905,832
1233,837
935,587
1243,891
-1,-1
-1,140
301,158
1209,789
1406,-1
818,565
437,380
565,373
899,844
259,185
1487,1161
1568,1083
24,37
1334,1004
710,580
1625,1131
359,254
84,96
-1,733
166,31
805,816
303,195
869,694
528,480
1368,982
1708,1250
-1,25
639,474
1558,1120
593,359
-1,-1
184,78
205,144
-1,25
766,847
-1,-1
1626,1146
1658,1129
818,565
699,567
886,728
-1,2
1582,1099
929,712
277,189
1531,1136
-1,-1
1478,1142
525,485
1585,1207
525,484
413,287
702,596
79,46
-1,-1
1068,871
702,596
1755,1293
-1,-1
135,97
424,337
-1,980
1240,907
1033,-1
501,391
-1,-1
929,-1
-1,-1
1732,-1
746,581
1126,747
421,399
-1,-1
1426,1065
438,421
1427,1066
1199,730
-1,-1
1069,870
1343,961
1613,1147
1521,1125
337,242
1778,1303
93,43
-1,1274
439,346
1512,1070
546,437
831,-1
1760,1266
1479,1117
1513,1135
525,-1
1459,1104
1061,745
-1,-1
583,643
1529,1057
1691,1240
195,-1
55,53
1478,1142
-1,1170
441,654
1092,862
1144,633
1217,994
436,379
398,-1
1661,1175
-1,980
908,539
390,296
1345,954
-1,-1
525,485
718,-1
-1,-1
1474,1051
185,54
275,172
1466,-1
557,-1
587,293
1078,530
1450,1062
1515,1073
1374,982
852,422
590,-1
1318,995
-1,621
-1,-1
1433,1033
182,75
510,382
306,240
814,547
654,505
1721,1272
456,326
425,390
459,351
764,757
1386,980
980,723
138,110
1376,1025
-1,-1
991,776
1067,-1
476,321
1812,1301
1382,-1
-1,-1
1197,705
849,651
696,752
1253,811
946,819
610,367
1800,1316
834,488
1175,708
996,878
1402,1036
740,-1
304,196
1265,748
-1,-1
544,357
1289,884
1640,-1
1054,520
525,484
1660,1110
481,384
961,553
112,151
1746,1239
1237,926
787,574
826,665
-1,-1
653,502
1678,1154
1774,1270
1798,1307
1151,850
1199,730
-1,-1
1028,765
-1,-1
97,118
160,129
1264,930
144,126
1469,1091
1603,1205
525,485
682,559
152,63
869,694
1011,855
-1,-1
42,14
-1,1304
1317,995
-1,-1
348,248
1372,1011
763,612
-1,1043
1597,1226
563,405
-1,-1
917,698
-1,1246
197,-1
880,666
1076,527
1773,1269
1534,1113
1567,1206
1054,520
119,70
1427,1066
251,241
89,66
793,579
525,484
-1,-1
567,482
-1,-1
340,263
1095,966
449,292
1068,871
307,223
982,725
-1,501
1739,1262
-1,-1
90,67
899,844
341,-1
218,200
-1,-1
1660,1110
233,-1
1073,469
1009,784
1507,1075
-1,-1
664,515
1563,1150
761,609
1110,-1
1558,1120
184,78
584,450
1013,873
1256,993
1780,1286
319,133
1355,1009
-1,-1
1489,1088
-1,321
553,401
785,620
-1,256
-1,-1
1152,-1
1264,930
22,12
178,-1
817,-1
1113,777
138,110
572,386
1308,976
1296,1002
922,764
670,440
88,61
676,679
389,270
1335,1001
1300,897
-1,-1
-1,-1
1607,-1
-1,57
-1,25
-1,-1
1101,616
-1,-1
889,634
956,809
1042,879
340,262
902,787
68,115
374,267
798,557
646,614
90,67
858,741
1193,744
1114,-1
348,248
240,171
703,538
916,697
1308,-1
1321,923
6,2
1576,-1
1793,1319
-1,212
321,205
10,11
734,678
524,432
93,43
1041,841
621,510
1308,955
851,526
540,-1
-1,-1
1583,1090
600,591
1308,975
1357,999
1007,786
675,680
1174,707
1699,1257
970,856
780,780
438,421
1383,1008
692,522
120,-1
-1,1058
496,374
-1,-1
1716,1259
1189,887
335,207
669,566
358,246
-1,1148
1735,1276
180,120
928,713
1337,944
418,-1
529,335
311,-1
730,544
939,913
1224,501
-1,948
229,-1
1222,920
-1,-1
931,637
639,474
53,62
293,208
805,816
-1,272
873,663
85,98
607,550
1439,1049
1619,1202
1715,1105
1784,1304
1791,1291
-1,-1
624,427
1359,314
-1,-1
227,232
61,29
-1,858
193,120
169,120
920,630
842,611
1346,954
287,239
-1,60
1091,490
664,515
-1,236
1500,1123
1274,996
85,98
-1,205
543,494
569,453
164,149
222,-1
139,-1
399,330
-1,54
167,60
102,125
1074,470
65,63
774,543
1777,1302
-1,-1
-1,31
697,753
1030,736
1554,-1
464,498
1299,897
1539,1126
417,320
903,746
682,559
-1,-1
1246,768
1218,957
1779,1286
1442,1072
1452,1098
1524,1165
924,703
-1,79
184,78
1124,914
725,758
1812,1301
-1,1099
-1,-1
1197,705
-1,-1
525,484
1058,554
885,667
1269,977
-1,7
-1,888
572,386
-1,-1
1175,708
1668,1214
57,69
268,162
975,799
-1,-1
579,444
381,285
910,423
1146,735
1774,1270
480,385
-1,-1
1173,706
1442,1072
-1,-1
161,119
260,186
562,405
1404,316
771,-1
317,-1
525,485
959,685
-1,-1
969,682
-1,612
96,117
1131,979
110,138
1138,906
-1,954
1205,862
-1,-1
-1,662
3,4
25,39
439,346
-1,-1
495,393
1550,1059
429,336
-1,1063
-1,-1
1425,1051
1215,875
1420,361
737,617
340,-1
504,478
1491,492
-1,-1
468,378
852,422
220,169
1135,868
1012,830
1736,-1
977,657
528,480
1117,879
571,386
293,208
645,549
1589,1130
891,739
702,596
871,575
293,208
785,620
-1,-1
74,57
-1,-1
8,8
